user_id,account_id,email,role,created_at
USR_0001,ACC_0009,samuel87@wright.com,Engineer,2025-09-22 16:35:48
USR_0002,ACC_0037,chapmanjerry@smith.com,Buyer,2026-03-09 16:35:48
USR_0003,ACC_0031,carlosjohnson@jones-young.info,Buyer,2026-04-05 16:35:48
USR_0004,ACC_0007,ambercummings@johnston.biz,Admin,2025-12-03 16:35:48
USR_0005,ACC_0023,clintonhopkins@henderson-owens.com,Buyer,2025-12-13 16:35:48
USR_0006,ACC_0030,brownjessica@wright.net,Engineer,2026-06-14 16:35:48
USR_0007,ACC_0044,ltaylor@ford-baxter.com,Engineer,2026-05-22 16:35:48
USR_0008,ACC_0004,jmorton@williams.com,Buyer,2026-01-19 16:35:48
USR_0009,ACC_0007,housemelinda@russell.com,Admin,2026-04-04 16:35:48
USR_0010,ACC_0013,kbarrera@smith-myers.info,Engineer,2025-11-24 16:35:48
USR_0011,ACC_0009,rodney87@lee.com,Buyer,2026-04-09 16:35:48
USR_0012,ACC_0018,adkinsbrian@woods.com,Buyer,2026-03-06 16:35:48
USR_0013,ACC_0005,yorkcasey@leonard.biz,Buyer,2025-10-03 16:35:48
USR_0014,ACC_0007,davidashley@wheeler.org,Admin,2025-10-08 16:35:48
USR_0015,ACC_0001,sarah35@baker.com,Admin,2026-03-12 16:35:48
USR_0016,ACC_0011,wstewart@smith.org,Buyer,2025-11-05 16:35:48
USR_0017,ACC_0031,jonesjason@anderson-bailey.com,Admin,2025-12-18 16:35:48
USR_0018,ACC_0004,mikemoore@warner.net,Admin,2025-12-29 16:35:48
USR_0019,ACC_0001,contrerasangela@garcia.com,Buyer,2026-02-26 16:35:48
USR_0020,ACC_0030,josephjacobs@cooper.net,Buyer,2025-12-07 16:35:48
USR_0021,ACC_0045,dking@walters.com,Engineer,2025-09-30 16:35:48
USR_0022,ACC_0043,cookdavid@martin-ramos.biz,Engineer,2025-11-04 16:35:48
USR_0023,ACC_0010,rodriguezsierra@mckee.org,Admin,2026-02-10 16:35:48
USR_0024,ACC_0014,russellwilliams@nolan-flynn.com,Admin,2025-09-18 16:35:48
USR_0025,ACC_0048,jason31@deleon-henson.biz,Engineer,2026-06-10 16:35:48
USR_0026,ACC_0048,sarayoung@cherry.biz,Buyer,2026-06-12 16:35:48
USR_0027,ACC_0004,whitesandra@pham-shields.com,Engineer,2025-11-09 16:35:48
USR_0028,ACC_0033,erik16@garrison.com,Engineer,2026-04-22 16:35:48
USR_0029,ACC_0004,ybailey@walker.com,Engineer,2026-05-31 16:35:48
USR_0030,ACC_0012,emurphy@bell-hicks.net,Admin,2025-09-10 16:35:48
USR_0031,ACC_0005,sheila14@carpenter.com,Engineer,2026-03-13 16:35:48
USR_0032,ACC_0026,carlsonmichael@graham-joyce.com,Admin,2025-09-23 16:35:48
USR_0033,ACC_0016,mlam@williams-graham.net,Engineer,2025-09-10 16:35:48
USR_0034,ACC_0003,michaeljones@mccall.com,Engineer,2026-05-31 16:35:48
USR_0035,ACC_0027,william65@terry-spencer.com,Engineer,2025-09-16 16:35:48
USR_0036,ACC_0037,yortega@adkins.biz,Engineer,2026-01-31 16:35:48
USR_0037,ACC_0017,torresjason@lawson.com,Admin,2026-02-01 16:35:48
USR_0038,ACC_0016,yleon@jackson.org,Buyer,2025-12-21 16:35:48
USR_0039,ACC_0009,clarence34@drake.com,Engineer,2026-02-08 16:35:48
USR_0040,ACC_0030,sanchezthomas@gibson.org,Buyer,2026-06-04 16:35:48
USR_0041,ACC_0001,jennifercruz@sanchez-douglas.com,Buyer,2025-09-26 16:35:48
USR_0042,ACC_0007,osbornejeffery@holmes.com,Admin,2025-10-09 16:35:48
USR_0043,ACC_0014,danderson@schmidt.info,Engineer,2026-02-26 16:35:48
USR_0044,ACC_0009,jrivas@merritt-manning.info,Buyer,2026-06-06 16:35:48
USR_0045,ACC_0016,pgreen@ramirez.com,Buyer,2026-02-16 16:35:48
USR_0046,ACC_0011,scott43@rogers-orozco.com,Buyer,2025-10-06 16:35:48
USR_0047,ACC_0046,edwardreyes@mccarthy.biz,Buyer,2025-09-01 16:35:48
USR_0048,ACC_0042,drivera@brown-wall.biz,Engineer,2026-07-07 16:35:48
USR_0049,ACC_0043,gateskathy@woods-bender.com,Engineer,2026-02-08 16:35:48
USR_0050,ACC_0043,acastaneda@adkins.com,Admin,2026-05-04 16:35:48
USR_0051,ACC_0017,brobinson@johnson-rogers.biz,Admin,2026-05-18 16:35:48
USR_0052,ACC_0048,marycalhoun@ferguson.com,Engineer,2026-04-23 16:35:48
USR_0053,ACC_0018,dayderek@white-green.com,Buyer,2025-09-05 16:35:48
USR_0054,ACC_0014,shawnrogers@ramirez-bean.biz,Engineer,2026-01-17 16:35:48
USR_0055,ACC_0014,mary70@ryan.com,Engineer,2026-02-26 16:35:48
USR_0056,ACC_0033,websterstefanie@combs.com,Buyer,2026-03-05 16:35:48
USR_0057,ACC_0004,davidcaldwell@gould.com,Admin,2025-12-07 16:35:48
USR_0058,ACC_0018,catherinestuart@wilson.com,Admin,2026-07-10 16:35:48
USR_0059,ACC_0022,hickmanbarbara@sanders-espinoza.com,Admin,2026-02-27 16:35:48
USR_0060,ACC_0011,curtisbarton@burke.com,Engineer,2025-11-27 16:35:48
USR_0061,ACC_0036,amanda51@holland.info,Engineer,2025-12-05 16:35:48
USR_0062,ACC_0036,hamiltonmichael@zimmerman-graham.net,Admin,2026-05-15 16:35:48
USR_0063,ACC_0005,christina87@graham-simon.com,Engineer,2026-04-26 16:35:48
USR_0064,ACC_0035,melissa14@sanchez-marshall.org,Admin,2026-01-03 16:35:48
USR_0065,ACC_0038,frogers@white-lewis.com,Engineer,2026-04-27 16:35:48
USR_0066,ACC_0028,joshua94@smith.biz,Admin,2026-06-20 16:35:48
USR_0067,ACC_0020,ppeters@alvarez.com,Buyer,2026-06-21 16:35:48
USR_0068,ACC_0023,phillipsrichard@torres.com,Admin,2026-03-06 16:35:48
USR_0069,ACC_0043,wtran@barajas-pierce.com,Admin,2026-01-11 16:35:48
USR_0070,ACC_0050,qnelson@martinez.com,Engineer,2025-12-15 16:35:48
USR_0071,ACC_0040,newtonstephanie@lopez.org,Engineer,2026-04-23 16:35:48
USR_0072,ACC_0016,tina34@ward.com,Admin,2026-04-12 16:35:48
USR_0073,ACC_0027,joshuamccann@carter.info,Admin,2026-04-11 16:35:48
USR_0074,ACC_0048,salasaudrey@mendoza-peterson.com,Buyer,2025-12-13 16:35:48
USR_0075,ACC_0043,shelley71@morales.org,Engineer,2026-03-06 16:35:48
USR_0076,ACC_0018,hernandezlisa@miller-wright.net,Admin,2026-05-17 16:35:48
USR_0077,ACC_0025,yobrien@perez.info,Admin,2025-11-13 16:35:48
USR_0078,ACC_0015,michelle64@oliver.com,Admin,2025-11-18 16:35:48
USR_0079,ACC_0023,josephmiller@thompson.com,Buyer,2026-03-17 16:35:48
USR_0080,ACC_0015,ortizhannah@carter-hall.com,Admin,2026-04-04 16:35:48
USR_0081,ACC_0026,ojones@french-weber.com,Buyer,2026-02-19 16:35:48
USR_0082,ACC_0005,owilson@hernandez.com,Buyer,2026-01-13 16:35:48
USR_0083,ACC_0042,lauralarson@morse.com,Engineer,2025-12-19 16:35:48
USR_0084,ACC_0044,gbender@snyder.biz,Engineer,2026-01-23 16:35:48
USR_0085,ACC_0002,cassandra01@hayden.org,Admin,2026-02-28 16:35:48
USR_0086,ACC_0012,keyemily@johnston-hines.com,Engineer,2026-02-26 16:35:48
USR_0087,ACC_0003,cstone@white-richards.info,Admin,2025-09-09 16:35:48
USR_0088,ACC_0028,harrisonricky@santiago-hodge.com,Buyer,2026-02-01 16:35:48
USR_0089,ACC_0028,ssteele@landry.info,Engineer,2025-10-23 16:35:48
USR_0090,ACC_0008,edwardsmarcus@hancock-bryan.com,Buyer,2025-09-19 16:35:48
USR_0091,ACC_0013,mgutierrez@cox.com,Buyer,2026-06-19 16:35:48
USR_0092,ACC_0046,josephanderson@kim-wolfe.com,Buyer,2026-07-11 16:35:48
USR_0093,ACC_0034,dudleychelsea@mckinney.net,Engineer,2026-04-02 16:35:48
USR_0094,ACC_0024,tranchristopher@murray.com,Buyer,2026-06-06 16:35:48
USR_0095,ACC_0043,scantu@thornton.info,Buyer,2026-02-01 16:35:48
USR_0096,ACC_0043,stephenthomas@weeks.com,Admin,2026-02-08 16:35:48
USR_0097,ACC_0033,hillkristy@morgan-french.com,Buyer,2025-12-14 16:35:48
USR_0098,ACC_0021,campbellkenneth@carpenter.info,Buyer,2026-02-10 16:35:48
USR_0099,ACC_0036,jreed@bennett.com,Admin,2026-04-04 16:35:48
USR_0100,ACC_0027,xhall@williams-garner.biz,Engineer,2025-12-29 16:35:48
USR_0101,ACC_0044,ymcneil@pollard.net,Engineer,2026-04-13 16:35:48
USR_0102,ACC_0040,molly71@lozano.com,Engineer,2026-02-07 16:35:48
USR_0103,ACC_0026,harrisontanya@hanson-sanders.com,Engineer,2026-07-11 16:35:48
USR_0104,ACC_0020,melissa86@sims-clay.info,Buyer,2026-03-26 16:35:48
USR_0105,ACC_0028,williamsonjimmy@mccall.biz,Engineer,2025-09-04 16:35:48
USR_0106,ACC_0042,hodgesjane@wallace.com,Buyer,2025-11-15 16:35:48
USR_0107,ACC_0029,williamslaura@howard-jordan.com,Buyer,2026-03-24 16:35:48
USR_0108,ACC_0033,yknight@jackson.org,Buyer,2026-04-16 16:35:48
USR_0109,ACC_0043,pharvey@durham-thomas.info,Admin,2026-02-16 16:35:48
USR_0110,ACC_0033,steve07@byrd-moore.info,Engineer,2026-01-21 16:35:48
USR_0111,ACC_0006,vanessa46@wright.biz,Admin,2026-02-03 16:35:48
USR_0112,ACC_0015,yrodriguez@howard.com,Admin,2026-04-27 16:35:48
USR_0113,ACC_0002,khill@osborne.info,Admin,2026-03-08 16:35:48
USR_0114,ACC_0031,kimberly39@robinson-lee.com,Engineer,2026-06-04 16:35:48
USR_0115,ACC_0030,courtneyberger@williams.com,Buyer,2025-09-20 16:35:48
USR_0116,ACC_0013,christopherphillips@perry.com,Engineer,2025-12-27 16:35:48
USR_0117,ACC_0032,maria47@francis-morgan.com,Buyer,2026-03-09 16:35:48
USR_0118,ACC_0010,jmccarty@dalton.biz,Engineer,2026-07-09 16:35:48
USR_0119,ACC_0049,christopher60@herrera-gibson.com,Admin,2025-12-06 16:35:48
USR_0120,ACC_0015,xcarson@leonard.com,Admin,2025-10-19 16:35:48
USR_0121,ACC_0030,rose31@colon.biz,Admin,2025-09-29 16:35:48
USR_0122,ACC_0016,taylorsophia@ferrell-wilson.com,Admin,2025-11-20 16:35:48
USR_0123,ACC_0009,paulwatson@horton.com,Buyer,2025-10-13 16:35:48
USR_0124,ACC_0036,fpena@russell.com,Engineer,2026-01-30 16:35:48
USR_0125,ACC_0049,scottsampson@garcia-jennings.net,Buyer,2025-09-01 16:35:48
USR_0126,ACC_0047,bruce43@rush.com,Engineer,2025-12-05 16:35:48
USR_0127,ACC_0036,darleneharper@williams.com,Buyer,2026-04-21 16:35:48
USR_0128,ACC_0048,kristinharris@clark.com,Buyer,2025-11-23 16:35:48
USR_0129,ACC_0017,kristinacarlson@garrison-thomas.com,Admin,2026-02-20 16:35:48
USR_0130,ACC_0050,lauren10@smith.org,Engineer,2025-11-05 16:35:48
USR_0131,ACC_0041,alfred40@harmon.com,Admin,2026-02-21 16:35:48
USR_0132,ACC_0029,alvarezkimberly@wheeler.org,Admin,2026-02-15 16:35:48
USR_0133,ACC_0016,acostaregina@boyd.com,Buyer,2026-01-21 16:35:48
USR_0134,ACC_0021,bboone@rodriguez.com,Engineer,2026-05-31 16:35:48
USR_0135,ACC_0009,charlene12@weber-richards.com,Admin,2026-03-15 16:35:48
USR_0136,ACC_0025,hvang@chavez-jacobs.com,Engineer,2026-04-24 16:35:48
USR_0137,ACC_0046,farrelldebra@le.com,Admin,2026-06-09 16:35:48
USR_0138,ACC_0027,dmorgan@perry-davis.biz,Buyer,2026-01-23 16:35:48
USR_0139,ACC_0035,elizabeth52@leblanc.com,Buyer,2025-12-11 16:35:48
USR_0140,ACC_0004,vdavis@cain-hawkins.org,Admin,2025-12-08 16:35:48
USR_0141,ACC_0025,elizabeth65@pugh.com,Engineer,2026-07-01 16:35:48
USR_0142,ACC_0049,caroline51@romero.com,Engineer,2025-12-29 16:35:48
USR_0143,ACC_0031,megan51@andrews-aguirre.net,Admin,2026-01-12 16:35:48
USR_0144,ACC_0020,lynchdiane@adams.com,Buyer,2025-12-09 16:35:48
USR_0145,ACC_0035,michael22@sandoval.com,Engineer,2025-10-05 16:35:48
USR_0146,ACC_0039,reesejason@chavez-moore.com,Admin,2025-11-04 16:35:48
USR_0147,ACC_0015,kimberly99@ware.com,Buyer,2025-11-30 16:35:48
USR_0148,ACC_0032,craigjoseph@coleman.com,Admin,2025-12-24 16:35:48
USR_0149,ACC_0022,reeddaniel@gregory.com,Engineer,2025-12-16 16:35:48
USR_0150,ACC_0047,randallgreene@harris.com,Admin,2025-11-14 16:35:48
USR_0151,ACC_0009,keith10@burgess-thompson.biz,Engineer,2025-10-11 16:35:48
USR_0152,ACC_0002,vincentwhitaker@jones-hensley.com,Buyer,2025-09-11 16:35:48
USR_0153,ACC_0037,esmith@johnston-berry.biz,Engineer,2026-06-28 16:35:48
USR_0154,ACC_0006,darius05@solis.info,Engineer,2025-12-04 16:35:48
USR_0155,ACC_0009,christopher13@chapman-warren.biz,Buyer,2026-04-09 16:35:48
USR_0156,ACC_0004,julie35@jones.com,Buyer,2025-12-29 16:35:48
USR_0157,ACC_0021,rebeccabailey@mullen.com,Admin,2025-11-21 16:35:48
USR_0158,ACC_0021,jonathanthompson@wolf.com,Buyer,2025-12-29 16:35:48
USR_0159,ACC_0018,stephanieburton@webster-wolf.info,Buyer,2026-03-04 16:35:48
USR_0160,ACC_0006,michelle52@jones-ramos.com,Buyer,2026-07-02 16:35:48
USR_0161,ACC_0048,brittany58@collins.com,Engineer,2026-06-15 16:35:48
USR_0162,ACC_0023,woodjustin@lin.net,Admin,2026-06-06 16:35:48
USR_0163,ACC_0050,jford@huang.com,Engineer,2026-06-21 16:35:48
USR_0164,ACC_0049,cassidy82@hayes.com,Admin,2026-03-07 16:35:48
USR_0165,ACC_0013,benjaminzimmerman@warren-bishop.com,Admin,2026-04-24 16:35:48
USR_0166,ACC_0016,samantha66@shelton-williams.com,Admin,2025-11-11 16:35:48
USR_0167,ACC_0043,riveraangela@mitchell-cummings.org,Admin,2025-09-26 16:35:48
USR_0168,ACC_0014,mathewaguilar@rangel.biz,Buyer,2026-03-02 16:35:48
USR_0169,ACC_0050,brookehurley@hansen-schneider.com,Buyer,2026-04-17 16:35:48
USR_0170,ACC_0039,elizabethcalderon@osborn.biz,Engineer,2026-05-14 16:35:48
USR_0171,ACC_0050,andrew42@peterson.com,Admin,2026-02-02 16:35:48
USR_0172,ACC_0007,zoemoore@richard-garcia.net,Engineer,2026-06-28 16:35:48
USR_0173,ACC_0020,stanleynancy@anderson.org,Engineer,2025-12-31 16:35:48
USR_0174,ACC_0026,jenniferwilliams@rhodes-young.info,Engineer,2026-04-01 16:35:48
USR_0175,ACC_0005,karen73@allen.com,Engineer,2026-03-09 16:35:48
USR_0176,ACC_0007,erika97@hammond-strickland.net,Engineer,2026-02-07 16:35:48
USR_0177,ACC_0044,mburch@taylor.com,Engineer,2026-05-11 16:35:48
USR_0178,ACC_0037,dawsonzachary@mitchell.com,Admin,2026-01-15 16:35:48
USR_0179,ACC_0035,jwhitehead@davis-lozano.info,Buyer,2026-01-03 16:35:48
USR_0180,ACC_0005,sarah60@shaw-young.com,Engineer,2026-01-18 16:35:48
USR_0181,ACC_0001,jeffrey51@santos.com,Buyer,2025-11-03 16:35:48
USR_0182,ACC_0007,ihorton@harrison.com,Buyer,2026-01-07 16:35:48
USR_0183,ACC_0041,jason28@lynch.com,Buyer,2026-04-24 16:35:48
USR_0184,ACC_0028,david36@bauer.info,Admin,2025-10-17 16:35:48
USR_0185,ACC_0042,chenbailey@thomas.com,Buyer,2025-08-30 16:35:48
USR_0186,ACC_0035,qlopez@mills.com,Buyer,2025-11-15 16:35:48
USR_0187,ACC_0028,myerstheodore@hughes.com,Engineer,2025-09-11 16:35:48
USR_0188,ACC_0018,cooperjessica@garcia.com,Buyer,2026-03-08 16:35:48
USR_0189,ACC_0006,bellmatthew@thompson.info,Buyer,2025-11-23 16:35:48
USR_0190,ACC_0016,lisabrown@johnson-harris.com,Buyer,2025-09-23 16:35:48
USR_0191,ACC_0040,stewartkyle@hays-daniels.com,Engineer,2025-12-29 16:35:48
USR_0192,ACC_0022,mullinsjames@atkins-williams.com,Admin,2025-10-31 16:35:48
USR_0193,ACC_0021,david56@paul-kline.biz,Admin,2025-11-04 16:35:48
USR_0194,ACC_0014,terri77@glass-stone.com,Buyer,2026-03-01 16:35:48
USR_0195,ACC_0022,mmiller@gardner.com,Buyer,2025-09-09 16:35:48
USR_0196,ACC_0045,murphykenneth@morrison-simmons.info,Buyer,2025-09-30 16:35:48
USR_0197,ACC_0001,sergio59@hill-whitney.com,Engineer,2026-04-05 16:35:48
USR_0198,ACC_0006,lambertrichard@owen.com,Admin,2025-12-15 16:35:48
USR_0199,ACC_0032,ejohnson@osborne.com,Engineer,2026-03-10 16:35:48
USR_0200,ACC_0045,cherring@hernandez.info,Buyer,2025-11-02 16:35:48
